step,metric,value
1,loss,2.4245
1,grad_norm,1.5612066984176636
1,learning_rate,0.0004989293361884369
1,mean_token_accuracy,0.4740317538380623
1,epoch,0.0021384656508954825
2,loss,2.2555
2,grad_norm,0.9312677383422852
2,learning_rate,0.0004978586723768737
2,mean_token_accuracy,0.4984939470887184
2,epoch,0.004276931301790965
3,loss,2.2733
3,grad_norm,11.111963272094727
3,learning_rate,0.0004967880085653105
3,mean_token_accuracy,0.49689454585313797
3,epoch,0.006415396952686447
4,loss,2.2464
4,grad_norm,1.1469919681549072
4,learning_rate,0.0004957173447537474
4,mean_token_accuracy,0.4962836503982544
4,epoch,0.00855386260358193
5,loss,2.1263
5,grad_norm,0.9440551400184631
5,learning_rate,0.0004946466809421842
5,mean_token_accuracy,0.5136846229434013
5,epoch,0.010692328254477412
6,loss,2.1283
6,grad_norm,0.6928059458732605
6,learning_rate,0.000493576017130621
6,mean_token_accuracy,0.5152228623628616
6,epoch,0.012830793905372895
7,loss,2.164
7,grad_norm,0.6584809422492981
7,learning_rate,0.0004925053533190578
7,mean_token_accuracy,0.5151721015572548
7,epoch,0.014969259556268377
8,loss,2.0535
8,grad_norm,12.734749794006348
8,learning_rate,0.0004914346895074946
8,mean_token_accuracy,0.5306468717753887
8,epoch,0.01710772520716386
9,loss,2.0781
9,grad_norm,0.6616315245628357
9,learning_rate,0.0004903640256959315
9,mean_token_accuracy,0.5243404731154442
9,epoch,0.019246190858059342
10,loss,2.0611
10,grad_norm,0.6006314754486084
10,learning_rate,0.0004892933618843683
10,mean_token_accuracy,0.530319094657898
10,epoch,0.021384656508954825
11,loss,2.0643
11,grad_norm,0.6410070657730103
11,learning_rate,0.0004882226980728052
11,mean_token_accuracy,0.5274667888879776
11,epoch,0.023523122159850307
12,loss,2.0855
12,grad_norm,0.5896086692810059
12,learning_rate,0.000487152034261242
12,mean_token_accuracy,0.5219816267490387
12,epoch,0.02566158781074579
13,loss,2.0976
13,grad_norm,0.6154818534851074
13,learning_rate,0.0004860813704496788
13,mean_token_accuracy,0.5170812271535397
13,epoch,0.027800053461641272
14,loss,2.0145
14,grad_norm,0.5554885864257812
14,learning_rate,0.00048501070663811566
14,mean_token_accuracy,0.535355232656002
14,epoch,0.029938519112536754
15,loss,2.0549
15,grad_norm,0.5639358162879944
15,learning_rate,0.00048394004282655245
15,mean_token_accuracy,0.5220145396888256
15,epoch,0.03207698476343224
16,loss,2.0073
16,grad_norm,0.5639368891716003
16,learning_rate,0.0004828693790149893
16,mean_token_accuracy,0.531868115067482
16,epoch,0.03421545041432772
17,loss,2.0109
17,grad_norm,0.614410400390625
17,learning_rate,0.00048179871520342613
17,mean_token_accuracy,0.5433711260557175
17,epoch,0.0363539160652232
18,loss,2.0966
18,grad_norm,0.6563589572906494
18,learning_rate,0.00048072805139186297
18,mean_token_accuracy,0.519581887871027
18,epoch,0.038492381716118684
19,loss,2.0412
19,grad_norm,0.678156852722168
19,learning_rate,0.0004796573875802998
19,mean_token_accuracy,0.5288753509521484
19,epoch,0.04063084736701417
20,loss,2.0628
20,grad_norm,0.5402296781539917
20,learning_rate,0.00047858672376873665
20,mean_token_accuracy,0.5234599933028221
20,epoch,0.04276931301790965
21,loss,2.0755
21,grad_norm,0.5553134679794312
21,learning_rate,0.00047751605995717344
21,mean_token_accuracy,0.5244974829256535
21,epoch,0.04490777866880513
22,loss,2.042
22,grad_norm,0.5162107348442078
22,learning_rate,0.0004764453961456103
22,mean_token_accuracy,0.5262736864387989
22,epoch,0.047046244319700614
23,loss,2.0338
23,grad_norm,0.5248240232467651
23,learning_rate,0.0004753747323340471
23,mean_token_accuracy,0.5259181074798107
23,epoch,0.0491847099705961
24,loss,2.0473
24,grad_norm,0.5606550574302673
24,learning_rate,0.0004743040685224839
24,mean_token_accuracy,0.5324475467205048
24,epoch,0.05132317562149158
25,loss,2.0351
25,grad_norm,0.5475673079490662
25,learning_rate,0.0004732334047109208
25,mean_token_accuracy,0.5236352533102036
25,epoch,0.05346164127238706
26,loss,1.9086
26,grad_norm,0.7154887914657593
26,learning_rate,0.00047216274089935764
26,mean_token_accuracy,0.5496589541435242
26,epoch,0.055600106923282544
27,loss,2.0186
27,grad_norm,0.5885220170021057
27,learning_rate,0.0004710920770877944
27,mean_token_accuracy,0.5256708525121212
27,epoch,0.057738572574178026
28,loss,1.9873
28,grad_norm,0.5170479416847229
28,learning_rate,0.00047002141327623126
28,mean_token_accuracy,0.5410373508930206
28,epoch,0.05987703822507351
29,loss,1.9603
29,grad_norm,0.5075980424880981
29,learning_rate,0.0004689507494646681
29,mean_token_accuracy,0.5404822379350662
29,epoch,0.06201550387596899
30,loss,2.0644
30,grad_norm,0.6345647573471069
30,learning_rate,0.0004678800856531049
30,mean_token_accuracy,0.5191949754953384
30,epoch,0.06415396952686447
31,loss,2.0331
31,grad_norm,0.5325891375541687
31,learning_rate,0.0004668094218415418
31,mean_token_accuracy,0.5332913994789124
31,epoch,0.06629243517775996
32,loss,2.0547
32,grad_norm,3.411088466644287
32,learning_rate,0.0004657387580299786
32,mean_token_accuracy,0.5313983522355556
32,epoch,0.06843090082865544
33,loss,2.225
33,grad_norm,12.680127143859863
33,learning_rate,0.00046466809421841546
33,mean_token_accuracy,0.4926919527351856
33,epoch,0.07056936647955092
34,loss,2.0135
34,grad_norm,0.5715779066085815
34,learning_rate,0.00046359743040685225
34,mean_token_accuracy,0.533738985657692
34,epoch,0.0727078321304464
35,loss,2.0846
35,grad_norm,0.8387914896011353
35,learning_rate,0.0004625267665952891
35,mean_token_accuracy,0.5244006887078285
35,epoch,0.07484629778134189
36,loss,2.1097
36,grad_norm,1.1104342937469482
36,learning_rate,0.00046145610278372593
36,mean_token_accuracy,0.5169092416763306
36,epoch,0.07698476343223737
37,loss,2.0263
37,grad_norm,1.4445176124572754
37,learning_rate,0.0004603854389721627
37,mean_token_accuracy,0.5218642801046371
37,epoch,0.07912322908313285
38,loss,2.1057
38,grad_norm,0.7682878375053406
38,learning_rate,0.0004593147751605996
38,mean_token_accuracy,0.5146097354590893
38,epoch,0.08126169473402833
39,loss,2.0663
39,grad_norm,0.8449223637580872
39,learning_rate,0.00045824411134903645
39,mean_token_accuracy,0.5292598307132721
39,epoch,0.08340016038492382
40,loss,2.1226
40,grad_norm,1.1031606197357178
40,learning_rate,0.00045717344753747323
40,mean_token_accuracy,0.5197595804929733
40,epoch,0.0855386260358193
41,loss,2.0495
41,grad_norm,0.8210611939430237
41,learning_rate,0.0004561027837259101
41,mean_token_accuracy,0.5271272398531437
41,epoch,0.08767709168671478
42,loss,2.1035
42,grad_norm,0.8825395107269287
42,learning_rate,0.0004550321199143469
42,mean_token_accuracy,0.5178428627550602
42,epoch,0.08981555733761026
43,loss,2.0644
43,grad_norm,0.7912912964820862
43,learning_rate,0.0004539614561027837
43,mean_token_accuracy,0.5260142311453819
43,epoch,0.09195402298850575
44,loss,2.0574
44,grad_norm,0.9018629789352417
44,learning_rate,0.00045289079229122054
44,mean_token_accuracy,0.5309538245201111
44,epoch,0.09409248863940123
45,loss,2.0871
45,grad_norm,0.7451000213623047
45,learning_rate,0.00045182012847965744
45,mean_token_accuracy,0.5250837802886963
45,epoch,0.09623095429029671
46,loss,1.9708
46,grad_norm,0.7383362650871277
46,learning_rate,0.0004507494646680942
46,mean_token_accuracy,0.5442546159029007
46,epoch,0.0983694199411922
47,loss,2.0895
47,grad_norm,0.6880254745483398
47,learning_rate,0.00044967880085653106
47,mean_token_accuracy,0.5142289474606514
47,epoch,0.10050788559208768
48,loss,2.0559
48,grad_norm,0.7477648854255676
48,learning_rate,0.0004486081370449679
48,mean_token_accuracy,0.5255143977701664
48,epoch,0.10264635124298316
49,loss,2.0203
49,grad_norm,1.049163818359375
49,learning_rate,0.0004475374732334047
49,mean_token_accuracy,0.5269758813083172
49,epoch,0.10478481689387864
50,loss,2.089
50,grad_norm,0.8129910826683044
50,learning_rate,0.00044646680942184153
50,mean_token_accuracy,0.5192682147026062
50,epoch,0.10692328254477412
51,loss,2.1036
51,grad_norm,1.2000385522842407
51,learning_rate,0.00044539614561027837
51,mean_token_accuracy,0.522540632635355
51,epoch,0.1090617481956696
52,loss,2.0805
52,grad_norm,0.703387439250946
52,learning_rate,0.00044432548179871526
52,mean_token_accuracy,0.5235500931739807
52,epoch,0.11120021384656509
53,loss,2.0198
53,grad_norm,1.0585055351257324
53,learning_rate,0.00044325481798715205
53,mean_token_accuracy,0.524143572896719
53,epoch,0.11333867949746057
54,loss,2.0635
54,grad_norm,0.7775995135307312
54,learning_rate,0.0004421841541755889
54,mean_token_accuracy,0.5296036414802074
54,epoch,0.11547714514835605
55,loss,2.02
55,grad_norm,0.7908494472503662
55,learning_rate,0.00044111349036402573
55,mean_token_accuracy,0.5377044677734375
55,epoch,0.11761561079925154
56,loss,2.0208
56,grad_norm,1.1002684831619263
56,learning_rate,0.0004400428265524625
56,mean_token_accuracy,0.5293108597397804
56,epoch,0.11975407645014702
57,loss,2.0253
57,grad_norm,0.8156374096870422
57,learning_rate,0.00043897216274089935
57,mean_token_accuracy,0.5394460745155811
57,epoch,0.1218925421010425
58,loss,2.0069
58,grad_norm,0.6573622822761536
58,learning_rate,0.0004379014989293362
58,mean_token_accuracy,0.5399462133646011
58,epoch,0.12403100775193798
59,loss,2.0386
59,grad_norm,0.6158382296562195
59,learning_rate,0.00043683083511777303
59,mean_token_accuracy,0.5267076008021832
59,epoch,0.12616947340283347
60,loss,2.0345
60,grad_norm,0.6682591438293457
60,learning_rate,0.0004357601713062099
60,mean_token_accuracy,0.5285635963082314
60,epoch,0.12830793905372895
61,loss,2.0534
61,grad_norm,0.6861095428466797
61,learning_rate,0.0004346895074946467
61,mean_token_accuracy,0.5114462524652481
61,epoch,0.13044640470462443
62,loss,2.0248
62,grad_norm,0.6701619029045105
62,learning_rate,0.0004336188436830835
62,mean_token_accuracy,0.532659262418747
62,epoch,0.1325848703555199
63,loss,1.9787
63,grad_norm,0.7795778512954712
63,learning_rate,0.00043254817987152034
63,mean_token_accuracy,0.5370399877429008
63,epoch,0.1347233360064154
64,loss,1.9456
64,grad_norm,1.2432401180267334
64,learning_rate,0.0004314775160599572
64,mean_token_accuracy,0.5494177490472794
64,epoch,0.13686180165731088
65,loss,2.0526
65,grad_norm,0.7276017069816589
65,learning_rate,0.00043040685224839397
65,mean_token_accuracy,0.5169640593230724
65,epoch,0.13900026730820636
66,loss,1.9999
66,grad_norm,0.6093804240226746
66,learning_rate,0.00042933618843683086
66,mean_token_accuracy,0.537065114825964
66,epoch,0.14113873295910184
67,loss,1.9958
67,grad_norm,0.6073524355888367
67,learning_rate,0.0004282655246252677
67,mean_token_accuracy,0.5392148494720459
67,epoch,0.14327719860999732
68,loss,2.0381
68,grad_norm,0.6561245322227478
68,learning_rate,0.0004271948608137045
68,mean_token_accuracy,0.5325814671814442
68,epoch,0.1454156642608928
69,loss,1.994
69,grad_norm,0.6322530508041382
69,learning_rate,0.0004261241970021413
69,mean_token_accuracy,0.5365620627999306
69,epoch,0.1475541299117883
70,loss,1.9943
70,grad_norm,0.7870258688926697
70,learning_rate,0.00042505353319057817
70,mean_token_accuracy,0.5310711786150932
70,epoch,0.14969259556268377
71,loss,2.039
71,grad_norm,0.5772075057029724
71,learning_rate,0.00042398286937901495
71,mean_token_accuracy,0.527528665959835
71,epoch,0.15183106121357925
72,loss,2.0018
72,grad_norm,0.5904698967933655
72,learning_rate,0.0004229122055674518
72,mean_token_accuracy,0.5341444686055183
72,epoch,0.15396952686447474
73,loss,1.955
73,grad_norm,0.936503529548645
73,learning_rate,0.0004218415417558887
73,mean_token_accuracy,0.5526145398616791
73,epoch,0.15610799251537022
74,loss,2.0423
74,grad_norm,0.7386596202850342
74,learning_rate,0.00042077087794432553
74,mean_token_accuracy,0.5328043960034847
74,epoch,0.1582464581662657
75,loss,2.0297
75,grad_norm,0.6347581148147583
75,learning_rate,0.0004197002141327623
75,mean_token_accuracy,0.5264685302972794
75,epoch,0.16038492381716118
76,loss,2.0443
76,grad_norm,0.6165225505828857
76,learning_rate,0.00041862955032119915
76,mean_token_accuracy,0.5258539877831936
76,epoch,0.16252338946805667
77,loss,2.0211
77,grad_norm,0.5829027891159058
77,learning_rate,0.000417558886509636
77,mean_token_accuracy,0.5293954387307167
77,epoch,0.16466185511895215
78,loss,1.9179
78,grad_norm,1.0225416421890259
78,learning_rate,0.0004164882226980728
78,mean_token_accuracy,0.5519904270768166
78,epoch,0.16680032076984763
79,loss,2.0148
79,grad_norm,0.6367632150650024
79,learning_rate,0.0004154175588865097
79,mean_token_accuracy,0.5246936827898026
79,epoch,0.16893878642074311
80,loss,2.0304
80,grad_norm,0.7050166726112366
80,learning_rate,0.0004143468950749465
80,mean_token_accuracy,0.5342469811439514
80,epoch,0.1710772520716386
81,loss,1.9468
81,grad_norm,0.6431599855422974
81,learning_rate,0.0004132762312633833
81,mean_token_accuracy,0.5512282103300095
81,epoch,0.17321571772253408
82,loss,2.0112
82,grad_norm,0.6631960272789001
82,learning_rate,0.00041220556745182014
82,mean_token_accuracy,0.5333518460392952
82,epoch,0.17535418337342956
83,loss,1.9623
83,grad_norm,0.5522720217704773
83,learning_rate,0.000411134903640257
83,mean_token_accuracy,0.5410674586892128
83,epoch,0.17749264902432504
84,loss,1.9402
84,grad_norm,0.6327552795410156
84,learning_rate,0.00041006423982869377
84,mean_token_accuracy,0.5418236181139946
84,epoch,0.17963111467522053
85,loss,2.0528
85,grad_norm,0.5281873941421509
85,learning_rate,0.0004089935760171306
85,mean_token_accuracy,0.5233605429530144
85,epoch,0.181769580326116
86,loss,1.9911
86,grad_norm,0.5829070210456848
86,learning_rate,0.0004079229122055675
86,mean_token_accuracy,0.5416903719305992
86,epoch,0.1839080459770115
87,loss,1.9012
87,grad_norm,0.7690048217773438
87,learning_rate,0.0004068522483940043
87,mean_token_accuracy,0.5616099461913109
87,epoch,0.18604651162790697
88,loss,1.999
88,grad_norm,0.5361735224723816
88,learning_rate,0.0004057815845824411
88,mean_token_accuracy,0.5317464284598827
88,epoch,0.18818497727880246
89,loss,1.9953
89,grad_norm,0.6217002868652344
89,learning_rate,0.00040471092077087797
89,mean_token_accuracy,0.535640113055706
89,epoch,0.19032344292969794
90,loss,2.0331
90,grad_norm,0.4878235459327698
90,learning_rate,0.00040364025695931475
90,mean_token_accuracy,0.5292756706476212
90,epoch,0.19246190858059342
91,loss,2.0084
91,grad_norm,0.5649746656417847
91,learning_rate,0.0004025695931477516
91,mean_token_accuracy,0.5393447577953339
91,epoch,0.1946003742314889
92,loss,1.9447
92,grad_norm,0.5543285608291626
92,learning_rate,0.00040149892933618843
92,mean_token_accuracy,0.5495176278054714
92,epoch,0.1967388398823844
93,loss,2.0089
93,grad_norm,0.4770084321498871
93,learning_rate,0.0004004282655246253
93,mean_token_accuracy,0.5360579192638397
93,epoch,0.19887730553327987
94,loss,1.8631
94,grad_norm,0.7781788110733032
94,learning_rate,0.0003993576017130621
94,mean_token_accuracy,0.5589323714375496
94,epoch,0.20101577118417535
95,loss,2.0554
95,grad_norm,0.5372803807258606
95,learning_rate,0.00039828693790149895
95,mean_token_accuracy,0.5255724228918552
95,epoch,0.20315423683507083
96,loss,2.007
96,grad_norm,0.5169888734817505
96,learning_rate,0.0003972162740899358
96,mean_token_accuracy,0.5363163240253925
96,epoch,0.20529270248596632
97,loss,2.0747
97,grad_norm,0.5177153944969177
97,learning_rate,0.0003961456102783726
97,mean_token_accuracy,0.5170928910374641
97,epoch,0.2074311681368618
98,loss,2.0077
98,grad_norm,0.6786260604858398
98,learning_rate,0.0003950749464668094
98,mean_token_accuracy,0.5285588912665844
98,epoch,0.20956963378775728
99,loss,2.0444
99,grad_norm,0.5838902592658997
99,learning_rate,0.00039400428265524626
99,mean_token_accuracy,0.5322350636124611
99,epoch,0.21170809943865276
100,loss,1.9625
100,grad_norm,0.6786146759986877
100,learning_rate,0.0003929336188436831
100,mean_token_accuracy,0.5483220815658569
100,epoch,0.21384656508954825
100,eval_loss,1.9782893657684326
100,eval_runtime,1185.2678
100,eval_samples_per_second,1.403
100,eval_steps_per_second,0.702
100,eval_mean_token_accuracy,0.540711912792176
100,epoch,0.21384656508954825
101,loss,2.0622
101,grad_norm,0.5582773089408875
101,learning_rate,0.00039186295503211994
101,mean_token_accuracy,0.5274917520582676
101,epoch,0.21598503074044373
102,loss,2.0019
102,grad_norm,0.5259860157966614
102,learning_rate,0.0003907922912205568
102,mean_token_accuracy,0.5332367941737175
102,epoch,0.2181234963913392
103,loss,2.048
103,grad_norm,0.5641950368881226
103,learning_rate,0.00038972162740899356
103,mean_token_accuracy,0.5251334495842457
103,epoch,0.2202619620422347
104,loss,1.9296
104,grad_norm,0.526957094669342
104,learning_rate,0.0003886509635974304
104,mean_token_accuracy,0.5483157634735107
104,epoch,0.22240042769313018
105,loss,1.9475
105,grad_norm,0.6495623588562012
105,learning_rate,0.00038758029978586725
105,mean_token_accuracy,0.5463818684220314
105,epoch,0.22453889334402566
106,loss,2.0635
106,grad_norm,0.522757887840271
106,learning_rate,0.00038650963597430403
106,mean_token_accuracy,0.5231785140931606
106,epoch,0.22667735899492114
107,loss,1.9689
107,grad_norm,0.5711294412612915
107,learning_rate,0.0003854389721627409
107,mean_token_accuracy,0.5362696461379528
107,epoch,0.22881582464581662
108,loss,1.945
108,grad_norm,0.5928590297698975
108,learning_rate,0.00038436830835117777
108,mean_token_accuracy,0.5357487723231316
108,epoch,0.2309542902967121
109,loss,2.0002
109,grad_norm,0.5029648542404175
109,learning_rate,0.00038329764453961455
109,mean_token_accuracy,0.5371672585606575
109,epoch,0.2330927559476076
110,loss,1.9874
110,grad_norm,0.5414431691169739
110,learning_rate,0.0003822269807280514
110,mean_token_accuracy,0.5389790758490562
110,epoch,0.23523122159850307
111,loss,1.9024
111,grad_norm,0.7988289594650269
111,learning_rate,0.00038115631691648823
111,mean_token_accuracy,0.558034997433424
111,epoch,0.23736968724939855
112,loss,1.9689
112,grad_norm,0.6895626783370972
112,learning_rate,0.000380085653104925
112,mean_token_accuracy,0.5392899364233017
112,epoch,0.23950815290029404
113,loss,1.9411
113,grad_norm,0.5901193618774414
113,learning_rate,0.00037901498929336186
113,mean_token_accuracy,0.5499654412269592
113,epoch,0.24164661855118952
114,loss,1.9661
114,grad_norm,0.8815682530403137
114,learning_rate,0.00037794432548179875
114,mean_token_accuracy,0.5381677895784378
114,epoch,0.243785084202085
115,loss,2.0244
115,grad_norm,0.6248567700386047
115,learning_rate,0.0003768736616702356
115,mean_token_accuracy,0.5291014648973942
115,epoch,0.24592354985298048
116,loss,1.9402
116,grad_norm,0.46209925413131714
116,learning_rate,0.0003758029978586724
116,mean_token_accuracy,0.5428912043571472
116,epoch,0.24806201550387597
117,loss,1.9598
117,grad_norm,0.5066143870353699
117,learning_rate,0.0003747323340471092
117,mean_token_accuracy,0.5455336198210716
117,epoch,0.25020048115477145
118,loss,1.9734
118,grad_norm,0.5297421216964722
118,learning_rate,0.00037366167023554606
118,mean_token_accuracy,0.5366983786225319
118,epoch,0.25233894680566693
119,loss,2.061
119,grad_norm,0.5033749938011169
119,learning_rate,0.00037259100642398284
119,mean_token_accuracy,0.5205242075026035
119,epoch,0.2544774124565624
120,loss,2.0171
120,grad_norm,0.5608193278312683
120,learning_rate,0.0003715203426124197
120,mean_token_accuracy,0.5396891161799431
120,epoch,0.2566158781074579
121,loss,1.8783
121,grad_norm,0.5050201416015625
121,learning_rate,0.0003704496788008566
121,mean_token_accuracy,0.5645300596952438
121,epoch,0.2587543437583534
122,loss,1.9715
122,grad_norm,0.5208900570869446
122,learning_rate,0.00036937901498929336
122,mean_token_accuracy,0.5432270839810371
122,epoch,0.26089280940924886
123,loss,1.9503
123,grad_norm,0.5963794589042664
123,learning_rate,0.0003683083511777302
123,mean_token_accuracy,0.5442855358123779
123,epoch,0.26303127506014434
124,loss,2.0472
124,grad_norm,0.4705224931240082
124,learning_rate,0.00036723768736616704
124,mean_token_accuracy,0.5233161002397537
124,epoch,0.2651697407110398
125,loss,1.9432
125,grad_norm,0.4840233027935028
125,learning_rate,0.00036616702355460383
125,mean_token_accuracy,0.5454750135540962
125,epoch,0.2673082063619353
126,loss,1.9596
126,grad_norm,2.6909470558166504
126,learning_rate,0.00036509635974304067
126,mean_token_accuracy,0.5397820509970188
126,epoch,0.2694466720128308
127,loss,1.9524
127,grad_norm,0.7348751425743103
127,learning_rate,0.0003640256959314775
127,mean_token_accuracy,0.5412473604083061
127,epoch,0.2715851376637263
128,loss,2.0201
128,grad_norm,0.8458889722824097
128,learning_rate,0.00036295503211991435
128,mean_token_accuracy,0.5344625115394592
128,epoch,0.27372360331462176
129,loss,1.9184
129,grad_norm,0.6104605197906494
129,learning_rate,0.0003618843683083512
129,mean_token_accuracy,0.5496850609779358
129,epoch,0.27586206896551724
130,loss,1.9933
130,grad_norm,0.6568020582199097
130,learning_rate,0.00036081370449678803
130,mean_token_accuracy,0.5333287194371223
130,epoch,0.2780005346164127
131,loss,2.0297
131,grad_norm,0.5430261492729187
131,learning_rate,0.0003597430406852248
131,mean_token_accuracy,0.5278784334659576
131,epoch,0.2801390002673082
132,loss,2.0276
132,grad_norm,0.54534512758255
132,learning_rate,0.00035867237687366166
132,mean_token_accuracy,0.5302748829126358
132,epoch,0.2822774659182037
133,loss,1.9149
133,grad_norm,0.5917580723762512
133,learning_rate,0.0003576017130620985
133,mean_token_accuracy,0.5531040355563164
133,epoch,0.28441593156909917
134,loss,2.024
134,grad_norm,0.5817563533782959
134,learning_rate,0.0003565310492505354
134,mean_token_accuracy,0.5306424349546432
134,epoch,0.28655439721999465
135,loss,2.0354
135,grad_norm,0.5786663293838501
135,learning_rate,0.0003554603854389722
135,mean_token_accuracy,0.5271524414420128
135,epoch,0.28869286287089013
136,loss,1.9524
136,grad_norm,0.5830125212669373
136,learning_rate,0.000354389721627409
136,mean_token_accuracy,0.5381960943341255
136,epoch,0.2908313285217856
137,loss,1.8799
137,grad_norm,0.6913197040557861
137,learning_rate,0.00035331905781584586
137,mean_token_accuracy,0.5616606622934341
137,epoch,0.2929697941726811
138,loss,1.9327
138,grad_norm,0.6949735879898071
138,learning_rate,0.00035224839400428264
138,mean_token_accuracy,0.5423181243240833
138,epoch,0.2951082598235766
139,loss,1.9996
139,grad_norm,0.6325358748435974
139,learning_rate,0.0003511777301927195
139,mean_token_accuracy,0.5280861258506775
139,epoch,0.29724672547447206
140,loss,1.9681
140,grad_norm,0.761868953704834
140,learning_rate,0.0003501070663811563
140,mean_token_accuracy,0.54066401720047
140,epoch,0.29938519112536754
141,loss,2.012
141,grad_norm,0.825068473815918
141,learning_rate,0.00034903640256959316
141,mean_token_accuracy,0.5287756845355034
141,epoch,0.301523656776263
142,loss,1.983
142,grad_norm,0.786418080329895
142,learning_rate,0.00034796573875803
142,mean_token_accuracy,0.5423231869935989
142,epoch,0.3036621224271585
143,loss,1.9099
143,grad_norm,0.6576945185661316
143,learning_rate,0.00034689507494646684
143,mean_token_accuracy,0.54926797747612
143,epoch,0.305800588078054
144,loss,1.9831
144,grad_norm,0.5997913479804993
144,learning_rate,0.00034582441113490363
144,mean_token_accuracy,0.5432481914758682
144,epoch,0.3079390537289495
145,loss,2.0415
145,grad_norm,0.5415087938308716
145,learning_rate,0.00034475374732334047
145,mean_token_accuracy,0.5232342295348644
145,epoch,0.31007751937984496
146,loss,1.8854
146,grad_norm,0.5426669716835022
146,learning_rate,0.0003436830835117773
146,mean_token_accuracy,0.5626300573348999
146,epoch,0.31221598503074044
147,loss,2.0172
147,grad_norm,0.5579291582107544
147,learning_rate,0.0003426124197002141
147,mean_token_accuracy,0.5313361287117004
147,epoch,0.3143544506816359
148,loss,2.0241
148,grad_norm,0.5655955076217651
148,learning_rate,0.000341541755888651
148,mean_token_accuracy,0.524080578237772
148,epoch,0.3164929163325314
149,loss,1.982
149,grad_norm,0.5524481534957886
149,learning_rate,0.00034047109207708783
149,mean_token_accuracy,0.5265454053878784
149,epoch,0.3186313819834269
150,loss,1.955
150,grad_norm,0.549734354019165
150,learning_rate,0.0003394004282655246
150,mean_token_accuracy,0.5365640893578529
150,epoch,0.32076984763432237
151,loss,2.0372
151,grad_norm,0.518970787525177
151,learning_rate,0.00033832976445396146
151,mean_token_accuracy,0.5308784171938896
151,epoch,0.32290831328521785
152,loss,1.9582
152,grad_norm,0.565412163734436
152,learning_rate,0.0003372591006423983
152,mean_token_accuracy,0.5407020822167397
152,epoch,0.32504677893611333
153,loss,1.9467
153,grad_norm,0.4899691045284271
153,learning_rate,0.00033618843683083514
153,mean_token_accuracy,0.5456736758351326
153,epoch,0.3271852445870088
154,loss,1.9623
154,grad_norm,0.6359961628913879
154,learning_rate,0.0003351177730192719
154,mean_token_accuracy,0.544299528002739
154,epoch,0.3293237102379043
155,loss,1.8949
155,grad_norm,0.5780254006385803
155,learning_rate,0.0003340471092077088
155,mean_token_accuracy,0.5549686029553413
155,epoch,0.3314621758887998
156,loss,2.0293
156,grad_norm,0.4851032793521881
156,learning_rate,0.00033297644539614566
156,mean_token_accuracy,0.5249197632074356
156,epoch,0.33360064153969526
157,loss,1.9168
157,grad_norm,0.5113307237625122
157,learning_rate,0.00033190578158458244
157,mean_token_accuracy,0.5546418242156506
157,epoch,0.33573910719059075
158,loss,1.904
158,grad_norm,0.6190714836120605
158,learning_rate,0.0003308351177730193
158,mean_token_accuracy,0.5475100465118885
158,epoch,0.33787757284148623
159,loss,1.8971
159,grad_norm,0.5147324204444885
159,learning_rate,0.0003297644539614561
159,mean_token_accuracy,0.5636114776134491
159,epoch,0.3400160384923817
160,loss,1.989
160,grad_norm,0.5588040947914124
160,learning_rate,0.0003286937901498929
160,mean_token_accuracy,0.550554919987917
160,epoch,0.3421545041432772
161,loss,2.0076
161,grad_norm,0.4783865511417389
161,learning_rate,0.00032762312633832975
161,mean_token_accuracy,0.5304346978664398
161,epoch,0.3442929697941727
162,loss,2.0109
162,grad_norm,0.5348116159439087
162,learning_rate,0.00032655246252676664
162,mean_token_accuracy,0.5414294824004173
162,epoch,0.34643143544506816
163,loss,1.8906
163,grad_norm,0.567550003528595
163,learning_rate,0.00032548179871520343
163,mean_token_accuracy,0.5513345003128052
163,epoch,0.34856990109596364
164,loss,1.9268
164,grad_norm,0.5755837559700012
164,learning_rate,0.00032441113490364027
164,mean_token_accuracy,0.5443798005580902
164,epoch,0.3507083667468591
165,loss,2.0026
165,grad_norm,0.45587605237960815
165,learning_rate,0.0003233404710920771
165,mean_token_accuracy,0.5345082134008408
165,epoch,0.3528468323977546
166,loss,1.9754
166,grad_norm,0.5160022377967834
166,learning_rate,0.0003222698072805139
166,mean_token_accuracy,0.5382172912359238
166,epoch,0.3549852980486501
167,loss,1.939
167,grad_norm,0.5689136385917664
167,learning_rate,0.00032119914346895073
167,mean_token_accuracy,0.5528477430343628
167,epoch,0.35712376369954557
168,loss,1.9551
168,grad_norm,0.5321575999259949
168,learning_rate,0.0003201284796573876
168,mean_token_accuracy,0.53988092020154
168,epoch,0.35926222935044105
169,loss,1.9603
169,grad_norm,0.5316258072853088
169,learning_rate,0.0003190578158458244
169,mean_token_accuracy,0.5395458042621613
169,epoch,0.36140069500133654
170,loss,1.9104
170,grad_norm,0.5361316204071045
170,learning_rate,0.00031798715203426126
170,mean_token_accuracy,0.5565354451537132
170,epoch,0.363539160652232
171,loss,1.9416
171,grad_norm,0.5262314081192017
171,learning_rate,0.0003169164882226981
171,mean_token_accuracy,0.5539688393473625
171,epoch,0.3656776263031275
172,loss,1.9611
172,grad_norm,0.5236787796020508
172,learning_rate,0.0003158458244111349
172,mean_token_accuracy,0.5330341830849648
172,epoch,0.367816091954023
173,loss,1.9913
173,grad_norm,0.548797070980072
173,learning_rate,0.0003147751605995717
173,mean_token_accuracy,0.5302425771951675
173,epoch,0.36995455760491847
174,loss,1.9365
174,grad_norm,0.8646165132522583
174,learning_rate,0.00031370449678800856
174,mean_token_accuracy,0.5491038486361504
174,epoch,0.37209302325581395
175,loss,1.9398
175,grad_norm,0.49798092246055603
175,learning_rate,0.0003126338329764454
175,mean_token_accuracy,0.5410987734794617
175,epoch,0.37423148890670943
176,loss,2.0062
176,grad_norm,0.6633874177932739
176,learning_rate,0.00031156316916488224
176,mean_token_accuracy,0.536809254437685
176,epoch,0.3763699545576049
177,loss,1.9645
177,grad_norm,0.5486930012702942
177,learning_rate,0.0003104925053533191
177,mean_token_accuracy,0.5348219871520996
177,epoch,0.3785084202085004
178,loss,1.9488
178,grad_norm,0.5212637186050415
178,learning_rate,0.0003094218415417559
178,mean_token_accuracy,0.5420603677630424
178,epoch,0.3806468858593959
179,loss,1.922
179,grad_norm,0.8979853987693787
179,learning_rate,0.0003083511777301927
179,mean_token_accuracy,0.5407981723546982
179,epoch,0.38278535151029136
180,loss,1.9331
180,grad_norm,0.5744380354881287
180,learning_rate,0.00030728051391862955
180,mean_token_accuracy,0.5469686612486839
180,epoch,0.38492381716118684
181,loss,1.9153
181,grad_norm,0.6909968852996826
181,learning_rate,0.0003062098501070664
181,mean_token_accuracy,0.5526954084634781
181,epoch,0.3870622828120823
182,loss,2.001
182,grad_norm,0.5629345178604126
182,learning_rate,0.00030513918629550323
182,mean_token_accuracy,0.5281762853264809
182,epoch,0.3892007484629778
183,loss,1.9186
183,grad_norm,0.6210996508598328
183,learning_rate,0.00030406852248394007
183,mean_token_accuracy,0.5472762882709503
183,epoch,0.3913392141138733
184,loss,1.9744
184,grad_norm,0.5666366815567017
184,learning_rate,0.0003029978586723769
184,mean_token_accuracy,0.5407912135124207
184,epoch,0.3934776797647688
185,loss,1.9538
185,grad_norm,0.5743764042854309
185,learning_rate,0.0003019271948608137
185,mean_token_accuracy,0.5465380251407623
185,epoch,0.39561614541566426
186,loss,1.8644
186,grad_norm,0.5137351155281067
186,learning_rate,0.00030085653104925053
186,mean_token_accuracy,0.5611341893672943
186,epoch,0.39775461106655974
187,loss,1.9559
187,grad_norm,0.6173096895217896
187,learning_rate,0.0002997858672376874
187,mean_token_accuracy,0.5428057909011841
187,epoch,0.3998930767174552
188,loss,1.9818
188,grad_norm,0.7268063426017761
188,learning_rate,0.00029871520342612416
188,mean_token_accuracy,0.5371735244989395
188,epoch,0.4020315423683507
189,loss,1.9708
189,grad_norm,0.5746824741363525
189,learning_rate,0.00029764453961456105
189,mean_token_accuracy,0.5364186465740204
189,epoch,0.4041700080192462
190,loss,1.8916
190,grad_norm,0.7157077789306641
190,learning_rate,0.0002965738758029979
190,mean_token_accuracy,0.5611077658832073
190,epoch,0.40630847367014167
191,loss,1.9023
191,grad_norm,0.6285926103591919
191,learning_rate,0.0002955032119914347
191,mean_token_accuracy,0.5431276112794876
191,epoch,0.40844693932103715
192,loss,1.9677
192,grad_norm,0.5486137866973877
192,learning_rate,0.0002944325481798715
192,mean_token_accuracy,0.5432173982262611
192,epoch,0.41058540497193263
193,loss,1.9052
193,grad_norm,0.5697682499885559
193,learning_rate,0.00029336188436830836
193,mean_token_accuracy,0.5459424555301666
193,epoch,0.4127238706228281
194,loss,2.0185
194,grad_norm,0.48578715324401855
194,learning_rate,0.0002922912205567452
194,mean_token_accuracy,0.5311691761016846
194,epoch,0.4148623362737236
195,loss,1.9428
195,grad_norm,0.5027776956558228
195,learning_rate,0.000291220556745182
195,mean_token_accuracy,0.5546231791377068
195,epoch,0.4170008019246191
196,loss,1.9111
196,grad_norm,0.5229755640029907
196,learning_rate,0.0002901498929336189
196,mean_token_accuracy,0.5530864000320435
196,epoch,0.41913926757551456
197,loss,1.994
197,grad_norm,0.5736010074615479
197,learning_rate,0.0002890792291220557
197,mean_token_accuracy,0.5358900055289268
197,epoch,0.42127773322641004
198,loss,1.9189
198,grad_norm,0.4955764710903168
198,learning_rate,0.0002880085653104925
198,mean_token_accuracy,0.5417167618870735
198,epoch,0.4234161988773055
199,loss,2.0251
199,grad_norm,0.510773777961731
199,learning_rate,0.00028693790149892935
199,mean_token_accuracy,0.5369921587407589
199,epoch,0.425554664528201
200,loss,1.9309
200,grad_norm,0.5180730223655701
200,learning_rate,0.0002858672376873662
200,mean_token_accuracy,0.5409707091748714
200,epoch,0.4276931301790965
200,eval_loss,1.9333382844924927
200,eval_runtime,1183.9693
200,eval_samples_per_second,1.405
200,eval_steps_per_second,0.703
200,eval_mean_token_accuracy,0.5478473057110722
200,epoch,0.4276931301790965
201,loss,2.0064
201,grad_norm,0.49739110469818115
201,learning_rate,0.000284796573875803
201,mean_token_accuracy,0.5289985984563828
201,epoch,0.429831595829992
202,loss,1.964
202,grad_norm,0.48844587802886963
202,learning_rate,0.0002837259100642398
202,mean_token_accuracy,0.5341171324253082
202,epoch,0.43197006148088746
203,loss,1.9483
203,grad_norm,0.4827248454093933
203,learning_rate,0.0002826552462526767
203,mean_token_accuracy,0.5431718304753304
203,epoch,0.43410852713178294
204,loss,1.9031
204,grad_norm,0.49352529644966125
204,learning_rate,0.0002815845824411135
204,mean_token_accuracy,0.5507074743509293
204,epoch,0.4362469927826784
205,loss,1.8809
205,grad_norm,0.4916331171989441
205,learning_rate,0.00028051391862955033
205,mean_token_accuracy,0.5552306622266769
205,epoch,0.4383854584335739
206,loss,1.9999
206,grad_norm,0.49575844407081604
206,learning_rate,0.0002794432548179872
206,mean_token_accuracy,0.5355590283870697
206,epoch,0.4405239240844694
207,loss,1.9982
207,grad_norm,0.5389735698699951
207,learning_rate,0.00027837259100642396
207,mean_token_accuracy,0.5374213233590126
207,epoch,0.44266238973536487
208,loss,1.9587
208,grad_norm,0.4372740089893341
208,learning_rate,0.0002773019271948608
208,mean_token_accuracy,0.5365139432251453
208,epoch,0.44480085538626035
209,loss,1.8963
209,grad_norm,0.5108463764190674
209,learning_rate,0.00027623126338329764
209,mean_token_accuracy,0.5492803305387497
209,epoch,0.44693932103715583
210,loss,1.9334
210,grad_norm,0.4785778224468231
210,learning_rate,0.0002751605995717345
210,mean_token_accuracy,0.5432690978050232
210,epoch,0.4490777866880513
211,loss,1.8737
211,grad_norm,0.5581415295600891
211,learning_rate,0.0002740899357601713
211,mean_token_accuracy,0.564371794462204
211,epoch,0.4512162523389468
212,loss,1.9783
212,grad_norm,0.7098397612571716
212,learning_rate,0.00027301927194860816
212,mean_token_accuracy,0.5406360477209091
212,epoch,0.4533547179898423
213,loss,1.9561
213,grad_norm,0.5508632659912109
213,learning_rate,0.00027194860813704495
213,mean_token_accuracy,0.5408267825841904
213,epoch,0.45549318364073776
214,loss,1.9824
214,grad_norm,0.5039153695106506
214,learning_rate,0.0002708779443254818
214,mean_token_accuracy,0.538213700056076
214,epoch,0.45763164929163325
215,loss,1.9977
215,grad_norm,0.5424266457557678
215,learning_rate,0.0002698072805139186
215,mean_token_accuracy,0.5379209071397781
215,epoch,0.45977011494252873
216,loss,1.8843
216,grad_norm,0.664884090423584
216,learning_rate,0.00026873661670235547
216,mean_token_accuracy,0.5546652600169182
216,epoch,0.4619085805934242
217,loss,1.9014
217,grad_norm,0.5444191694259644
217,learning_rate,0.0002676659528907923
217,mean_token_accuracy,0.5493874773383141
217,epoch,0.4640470462443197
218,loss,1.9489
218,grad_norm,0.5139763951301575
218,learning_rate,0.00026659528907922915
218,mean_token_accuracy,0.5402461290359497
218,epoch,0.4661855118952152
219,loss,1.8149
219,grad_norm,0.5566722750663757
219,learning_rate,0.000265524625267666
219,mean_token_accuracy,0.5748076662421227
219,epoch,0.46832397754611066
220,loss,1.9884
220,grad_norm,0.5380093455314636
220,learning_rate,0.00026445396145610277
220,mean_token_accuracy,0.5319386348128319
220,epoch,0.47046244319700614
221,loss,1.973
221,grad_norm,0.5496641993522644
221,learning_rate,0.0002633832976445396
221,mean_token_accuracy,0.5431963130831718
221,epoch,0.4726009088479016
222,loss,1.9708
222,grad_norm,0.5269822478294373
222,learning_rate,0.00026231263383297645
222,mean_token_accuracy,0.5335820242762566
222,epoch,0.4747393744987971
223,loss,1.9586
223,grad_norm,0.5072238445281982
223,learning_rate,0.00026124197002141324
223,mean_token_accuracy,0.5509032532572746
223,epoch,0.4768778401496926
224,loss,1.9418
224,grad_norm,0.6459097266197205
224,learning_rate,0.00026017130620985013
224,mean_token_accuracy,0.5476994290947914
224,epoch,0.47901630580058807
225,loss,1.978
225,grad_norm,0.5524894595146179
225,learning_rate,0.00025910064239828697
225,mean_token_accuracy,0.5363930910825729
225,epoch,0.48115477145148355
226,loss,2.019
226,grad_norm,0.49519026279449463
226,learning_rate,0.00025802997858672376
226,mean_token_accuracy,0.5309910178184509
226,epoch,0.48329323710237904
227,loss,1.9195
227,grad_norm,0.47592926025390625
227,learning_rate,0.0002569593147751606
227,mean_token_accuracy,0.5451569780707359
227,epoch,0.4854317027532745
228,loss,1.9094
228,grad_norm,0.4705740809440613
228,learning_rate,0.00025588865096359744
228,mean_token_accuracy,0.5451496243476868
228,epoch,0.48757016840417
229,loss,1.9346
229,grad_norm,0.5051259994506836
229,learning_rate,0.0002548179871520342
229,mean_token_accuracy,0.5455500781536102
229,epoch,0.4897086340550655
230,loss,1.8949
230,grad_norm,0.5363247394561768
230,learning_rate,0.00025374732334047106
230,mean_token_accuracy,0.5473605543375015
230,epoch,0.49184709970596097
231,loss,1.9415
231,grad_norm,0.5126999020576477
231,learning_rate,0.00025267665952890796
231,mean_token_accuracy,0.5469765439629555
231,epoch,0.49398556535685645
232,loss,1.8899
232,grad_norm,0.5426179766654968
232,learning_rate,0.00025160599571734475
232,mean_token_accuracy,0.5522326529026031
232,epoch,0.49612403100775193
233,loss,1.9907
233,grad_norm,0.46518200635910034
233,learning_rate,0.0002505353319057816
233,mean_token_accuracy,0.5373459085822105
233,epoch,0.4982624966586474
234,loss,1.917
234,grad_norm,0.6049834489822388
234,learning_rate,0.0002494646680942184
234,mean_token_accuracy,0.5471226572990417
234,epoch,0.5004009623095429
235,loss,1.9136
235,grad_norm,0.5387471914291382
235,learning_rate,0.00024839400428265527
235,mean_token_accuracy,0.5501724779605865
235,epoch,0.5025394279604384
236,loss,2.0025
236,grad_norm,0.4851681888103485
236,learning_rate,0.0002473233404710921
236,mean_token_accuracy,0.5281388126313686
236,epoch,0.5046778936113339
237,loss,1.9929
237,grad_norm,0.5274514555931091
237,learning_rate,0.0002462526766595289
237,mean_token_accuracy,0.5363362357020378
237,epoch,0.5068163592622293
238,loss,1.9342
238,grad_norm,0.4971888065338135
238,learning_rate,0.00024518201284796573
238,mean_token_accuracy,0.5366216897964478
238,epoch,0.5089548249131248
239,loss,1.8905
239,grad_norm,0.5373575687408447
239,learning_rate,0.0002441113490364026
239,mean_token_accuracy,0.5537257455289364
239,epoch,0.5110932905640203
240,loss,1.8888
240,grad_norm,0.4969489574432373
240,learning_rate,0.0002430406852248394
240,mean_token_accuracy,0.5464131906628609
240,epoch,0.5132317562149158
241,loss,1.9244
241,grad_norm,0.49230754375457764
241,learning_rate,0.00024197002141327622
241,mean_token_accuracy,0.5514587014913559
241,epoch,0.5153702218658113
242,loss,1.8507
242,grad_norm,0.48578283190727234
242,learning_rate,0.00024089935760171306
242,mean_token_accuracy,0.559685468673706
242,epoch,0.5175086875167068
243,loss,1.9488
243,grad_norm,0.5593656301498413
243,learning_rate,0.0002398286937901499
243,mean_token_accuracy,0.5472721084952354
243,epoch,0.5196471531676022
244,loss,1.8634
244,grad_norm,0.7303022146224976
244,learning_rate,0.00023875802997858672
244,mean_token_accuracy,0.5675051882863045
244,epoch,0.5217856188184977
245,loss,1.936
245,grad_norm,0.5552322864532471
245,learning_rate,0.00023768736616702356
245,mean_token_accuracy,0.5499163791537285
245,epoch,0.5239240844693932
246,loss,1.9071
246,grad_norm,0.503270149230957
246,learning_rate,0.0002366167023554604
246,mean_token_accuracy,0.5403109416365623
246,epoch,0.5260625501202887
247,loss,1.9664
247,grad_norm,0.47011083364486694
247,learning_rate,0.0002355460385438972
247,mean_token_accuracy,0.5370677039027214
247,epoch,0.5282010157711842
248,loss,1.9089
248,grad_norm,0.5541976690292358
248,learning_rate,0.00023447537473233405
248,mean_token_accuracy,0.5574224591255188
248,epoch,0.5303394814220797
249,loss,1.912
249,grad_norm,0.6266080141067505
249,learning_rate,0.0002334047109207709
249,mean_token_accuracy,0.552678793668747
249,epoch,0.5324779470729751
250,loss,1.9856
250,grad_norm,0.5779827237129211
250,learning_rate,0.00023233404710920773
250,mean_token_accuracy,0.5392664931714535
250,epoch,0.5346164127238706
251,loss,1.9453
251,grad_norm,0.5712971687316895
251,learning_rate,0.00023126338329764454
251,mean_token_accuracy,0.5521144717931747
251,epoch,0.5367548783747661
252,loss,2.0181
252,grad_norm,0.5362369418144226
252,learning_rate,0.00023019271948608136
252,mean_token_accuracy,0.5296096727252007
252,epoch,0.5388933440256616
253,loss,1.9355
253,grad_norm,0.5598201155662537
253,learning_rate,0.00022912205567451822
253,mean_token_accuracy,0.5508807972073555
253,epoch,0.5410318096765571
254,loss,1.9182
254,grad_norm,0.4790552258491516
254,learning_rate,0.00022805139186295504
254,mean_token_accuracy,0.5401664599776268
254,epoch,0.5431702753274525
255,loss,1.887
255,grad_norm,0.7580470442771912
255,learning_rate,0.00022698072805139185
255,mean_token_accuracy,0.5551099106669426
255,epoch,0.545308740978348
256,loss,1.9982
256,grad_norm,0.4719405770301819
256,learning_rate,0.00022591006423982872
256,mean_token_accuracy,0.5327618345618248
256,epoch,0.5474472066292435
257,loss,1.953
257,grad_norm,0.514700174331665
257,learning_rate,0.00022483940042826553
257,mean_token_accuracy,0.5386401414871216
257,epoch,0.549585672280139
258,loss,1.9477
258,grad_norm,0.5268621444702148
258,learning_rate,0.00022376873661670234
258,mean_token_accuracy,0.5391368493437767
258,epoch,0.5517241379310345
259,loss,1.9112
259,grad_norm,0.5796590447425842
259,learning_rate,0.00022269807280513918
259,mean_token_accuracy,0.5567819476127625
259,epoch,0.55386260358193
260,loss,1.8551
260,grad_norm,0.6182101368904114
260,learning_rate,0.00022162740899357602
260,mean_token_accuracy,0.5648641958832741
260,epoch,0.5560010692328254
261,loss,1.944
261,grad_norm,0.5016844868659973
261,learning_rate,0.00022055674518201286
261,mean_token_accuracy,0.5469990670681
261,epoch,0.5581395348837209
262,loss,1.9086
262,grad_norm,0.5608673095703125
262,learning_rate,0.00021948608137044968
262,mean_token_accuracy,0.5480162352323532
262,epoch,0.5602780005346164
263,loss,1.9826
263,grad_norm,0.4572409689426422
263,learning_rate,0.00021841541755888652
263,mean_token_accuracy,0.5336358994245529
263,epoch,0.5624164661855119
264,loss,1.9604
264,grad_norm,0.5905455350875854
264,learning_rate,0.00021734475374732336
264,mean_token_accuracy,0.5426022037863731
264,epoch,0.5645549318364074
265,loss,1.9814
265,grad_norm,0.6436631083488464
265,learning_rate,0.00021627408993576017
265,mean_token_accuracy,0.5344556123018265
265,epoch,0.5666933974873029
266,loss,1.7959
266,grad_norm,0.5154518485069275
266,learning_rate,0.00021520342612419698
266,mean_token_accuracy,0.5709269791841507
266,epoch,0.5688318631381983
267,loss,1.9584
267,grad_norm,0.5046223998069763
267,learning_rate,0.00021413276231263385
267,mean_token_accuracy,0.5409905686974525
267,epoch,0.5709703287890938
268,loss,1.9802
268,grad_norm,0.5154613256454468
268,learning_rate,0.00021306209850107066
268,mean_token_accuracy,0.5324412658810616
268,epoch,0.5731087944399893
269,loss,1.9601
269,grad_norm,0.5842967629432678
269,learning_rate,0.00021199143468950748
269,mean_token_accuracy,0.5355685614049435
269,epoch,0.5752472600908848
270,loss,1.9353
270,grad_norm,0.4994771480560303
270,learning_rate,0.00021092077087794434
270,mean_token_accuracy,0.537370041012764
270,epoch,0.5773857257417803
271,loss,1.9311
271,grad_norm,0.6134254336357117
271,learning_rate,0.00020985010706638116
271,mean_token_accuracy,0.5379017665982246
271,epoch,0.5795241913926757
272,loss,1.8725
272,grad_norm,0.5261415839195251
272,learning_rate,0.000208779443254818
272,mean_token_accuracy,0.5555850565433502
272,epoch,0.5816626570435712
273,loss,1.8893
273,grad_norm,0.6521355509757996
273,learning_rate,0.00020770877944325484
273,mean_token_accuracy,0.5554010719060898
273,epoch,0.5838011226944667
274,loss,1.8997
274,grad_norm,0.6123773455619812
274,learning_rate,0.00020663811563169165
274,mean_token_accuracy,0.5550319328904152
274,epoch,0.5859395883453622
275,loss,1.897
275,grad_norm,0.6133714914321899
275,learning_rate,0.0002055674518201285
275,mean_token_accuracy,0.5490819066762924
275,epoch,0.5880780539962577
276,loss,1.924
276,grad_norm,0.5552943348884583
276,learning_rate,0.0002044967880085653
276,mean_token_accuracy,0.5449381023645401
276,epoch,0.5902165196471532
277,loss,1.8251
277,grad_norm,0.5584402680397034
277,learning_rate,0.00020342612419700214
277,mean_token_accuracy,0.5617095157504082
277,epoch,0.5923549852980486
278,loss,1.944
278,grad_norm,0.5012717247009277
278,learning_rate,0.00020235546038543898
278,mean_token_accuracy,0.5377547517418861
278,epoch,0.5944934509489441
279,loss,1.8398
279,grad_norm,0.6029914617538452
279,learning_rate,0.0002012847965738758
279,mean_token_accuracy,0.5633435249328613
279,epoch,0.5966319165998396
280,loss,1.9185
280,grad_norm,0.4857458174228668
280,learning_rate,0.00020021413276231266
280,mean_token_accuracy,0.5461645424365997
280,epoch,0.5987703822507351
281,loss,1.8889
281,grad_norm,0.5379155874252319
281,learning_rate,0.00019914346895074948
281,mean_token_accuracy,0.5567625686526299
281,epoch,0.6009088479016306
282,loss,1.9028
282,grad_norm,0.5071730613708496
282,learning_rate,0.0001980728051391863
282,mean_token_accuracy,0.5582701191306114
282,epoch,0.603047313552526
283,loss,1.9096
283,grad_norm,0.4597344994544983
283,learning_rate,0.00019700214132762313
283,mean_token_accuracy,0.549163706600666
283,epoch,0.6051857792034215
284,loss,1.9066
284,grad_norm,0.713033139705658
284,learning_rate,0.00019593147751605997
284,mean_token_accuracy,0.5515790656208992
284,epoch,0.607324244854317
285,loss,1.8939
285,grad_norm,0.5511917471885681
285,learning_rate,0.00019486081370449678
285,mean_token_accuracy,0.5597515553236008
285,epoch,0.6094627105052125
286,loss,1.9377
286,grad_norm,0.46712473034858704
286,learning_rate,0.00019379014989293362
286,mean_token_accuracy,0.5457759946584702
286,epoch,0.611601176156108
287,loss,1.9402
287,grad_norm,0.5116688013076782
287,learning_rate,0.00019271948608137046
287,mean_token_accuracy,0.5425492376089096
287,epoch,0.6137396418070035
288,loss,1.8711
288,grad_norm,0.5313407182693481
288,learning_rate,0.00019164882226980728
288,mean_token_accuracy,0.5472551584243774
288,epoch,0.615878107457899
289,loss,1.8726
289,grad_norm,0.4987228512763977
289,learning_rate,0.00019057815845824412
289,mean_token_accuracy,0.5564686357975006
289,epoch,0.6180165731087944
290,loss,1.8744
290,grad_norm,0.5939152240753174
290,learning_rate,0.00018950749464668093
290,mean_token_accuracy,0.5565737336874008
290,epoch,0.6201550387596899
291,loss,1.8636
291,grad_norm,0.5617260932922363
291,learning_rate,0.0001884368308351178
291,mean_token_accuracy,0.5571651607751846
291,epoch,0.6222935044105854
292,loss,1.9049
292,grad_norm,0.5568008422851562
292,learning_rate,0.0001873661670235546
292,mean_token_accuracy,0.5444914922118187
292,epoch,0.6244319700614809
293,loss,1.8874
293,grad_norm,0.6029715538024902
293,learning_rate,0.00018629550321199142
293,mean_token_accuracy,0.5615590363740921
293,epoch,0.6265704357123764
294,loss,1.9002
294,grad_norm,0.5171005725860596
294,learning_rate,0.0001852248394004283
294,mean_token_accuracy,0.5527544170618057
294,epoch,0.6287089013632718
295,loss,1.968
295,grad_norm,0.49338141083717346
295,learning_rate,0.0001841541755888651
295,mean_token_accuracy,0.5431106835603714
295,epoch,0.6308473670141673
296,loss,1.8983
296,grad_norm,0.5434364676475525
296,learning_rate,0.00018308351177730192
296,mean_token_accuracy,0.5569052547216415
296,epoch,0.6329858326650628
297,loss,1.9151
297,grad_norm,0.5240418314933777
297,learning_rate,0.00018201284796573876
297,mean_token_accuracy,0.5502714589238167
297,epoch,0.6351242983159583
298,loss,1.9016
298,grad_norm,0.48711323738098145
298,learning_rate,0.0001809421841541756
298,mean_token_accuracy,0.5558786168694496
298,epoch,0.6372627639668538
299,loss,1.9474
299,grad_norm,0.4532468020915985
299,learning_rate,0.0001798715203426124
299,mean_token_accuracy,0.5353468060493469
299,epoch,0.6394012296177493
300,loss,1.8593
300,grad_norm,0.5845634341239929
300,learning_rate,0.00017880085653104925
300,mean_token_accuracy,0.564838957041502
300,epoch,0.6415396952686447
300,eval_loss,1.9056501388549805
300,eval_runtime,1189.7599
300,eval_samples_per_second,1.398
300,eval_steps_per_second,0.699
300,eval_mean_token_accuracy,0.5528297367362449
300,epoch,0.6415396952686447
301,loss,1.9504
301,grad_norm,0.5262869596481323
301,learning_rate,0.0001777301927194861
301,mean_token_accuracy,0.5431035831570625
301,epoch,0.6436781609195402
302,loss,1.9355
302,grad_norm,0.49256882071495056
302,learning_rate,0.00017665952890792293
302,mean_token_accuracy,0.5442294701933861
302,epoch,0.6458166265704357
303,loss,1.8696
303,grad_norm,0.5285796523094177
303,learning_rate,0.00017558886509635974
303,mean_token_accuracy,0.562111958861351
303,epoch,0.6479550922213312
304,loss,1.9563
304,grad_norm,0.5098534822463989
304,learning_rate,0.00017451820128479658
304,mean_token_accuracy,0.5407721400260925
304,epoch,0.6500935578722267
305,loss,1.8381
305,grad_norm,0.5533918738365173
305,learning_rate,0.00017344753747323342
305,mean_token_accuracy,0.5710234120488167
305,epoch,0.6522320235231222
306,loss,1.8481
306,grad_norm,0.5419387221336365
306,learning_rate,0.00017237687366167023
306,mean_token_accuracy,0.5701995939016342
306,epoch,0.6543704891740176
307,loss,1.8838
307,grad_norm,0.5101965665817261
307,learning_rate,0.00017130620985010705
307,mean_token_accuracy,0.5583773553371429
307,epoch,0.6565089548249131
308,loss,1.9416
308,grad_norm,0.4975835382938385
308,learning_rate,0.00017023554603854391
308,mean_token_accuracy,0.5391649678349495
308,epoch,0.6586474204758086
309,loss,1.9152
309,grad_norm,0.48927435278892517
309,learning_rate,0.00016916488222698073
309,mean_token_accuracy,0.5521869882941246
309,epoch,0.6607858861267041
310,loss,1.8581
310,grad_norm,0.5205477476119995
310,learning_rate,0.00016809421841541757
310,mean_token_accuracy,0.5668254420161247
310,epoch,0.6629243517775996
311,loss,1.8954
311,grad_norm,0.5220380425453186
311,learning_rate,0.0001670235546038544
311,mean_token_accuracy,0.5494031012058258
311,epoch,0.665062817428495
312,loss,1.9484
312,grad_norm,1.3850741386413574
312,learning_rate,0.00016595289079229122
312,mean_token_accuracy,0.5328660309314728
312,epoch,0.6672012830793905
313,loss,1.8932
313,grad_norm,0.5130746364593506
313,learning_rate,0.00016488222698072806
313,mean_token_accuracy,0.5527460277080536
313,epoch,0.669339748730286
314,loss,1.9525
314,grad_norm,0.5411442518234253
314,learning_rate,0.00016381156316916487
314,mean_token_accuracy,0.5375156924128532
314,epoch,0.6714782143811815
315,loss,1.8748
315,grad_norm,0.7216894626617432
315,learning_rate,0.00016274089935760171
315,mean_token_accuracy,0.5564280822873116
315,epoch,0.673616680032077
316,loss,1.9107
316,grad_norm,0.6042951941490173
316,learning_rate,0.00016167023554603855
316,mean_token_accuracy,0.5556287467479706
316,epoch,0.6757551456829725
317,loss,1.8284
317,grad_norm,0.5962392091751099
317,learning_rate,0.00016059957173447537
317,mean_token_accuracy,0.5784552022814751
317,epoch,0.6778936113338679
318,loss,1.9552
318,grad_norm,0.5064734220504761
318,learning_rate,0.0001595289079229122
318,mean_token_accuracy,0.5384772941470146
318,epoch,0.6800320769847634
319,loss,1.9383
319,grad_norm,0.5545090436935425
319,learning_rate,0.00015845824411134905
319,mean_token_accuracy,0.5524312630295753
319,epoch,0.6821705426356589
320,loss,1.9354
320,grad_norm,0.5903287529945374
320,learning_rate,0.00015738758029978586
320,mean_token_accuracy,0.5459715276956558
320,epoch,0.6843090082865544
321,loss,1.9926
321,grad_norm,0.5694175362586975
321,learning_rate,0.0001563169164882227
321,mean_token_accuracy,0.5377938374876976
321,epoch,0.6864474739374499
322,loss,1.8534
322,grad_norm,0.8557685017585754
322,learning_rate,0.00015524625267665954
322,mean_token_accuracy,0.5575213804841042
322,epoch,0.6885859395883454
323,loss,1.9121
323,grad_norm,0.46608227491378784
323,learning_rate,0.00015417558886509635
323,mean_token_accuracy,0.5430770888924599
323,epoch,0.6907244052392408
324,loss,1.8852
324,grad_norm,0.6343197226524353
324,learning_rate,0.0001531049250535332
324,mean_token_accuracy,0.5620307475328445
324,epoch,0.6928628708901363
325,loss,1.9462
325,grad_norm,0.48859739303588867
325,learning_rate,0.00015203426124197003
325,mean_token_accuracy,0.5432677567005157
325,epoch,0.6950013365410318
326,loss,1.9533
326,grad_norm,0.5293817520141602
326,learning_rate,0.00015096359743040685
326,mean_token_accuracy,0.551115594804287
326,epoch,0.6971398021919273
327,loss,1.7816
327,grad_norm,0.6054813265800476
327,learning_rate,0.0001498929336188437
327,mean_token_accuracy,0.5763101726770401
327,epoch,0.6992782678428228
328,loss,1.8796
328,grad_norm,0.5097463130950928
328,learning_rate,0.00014882226980728053
328,mean_token_accuracy,0.5531366504728794
328,epoch,0.7014167334937182
329,loss,1.9669
329,grad_norm,0.6278757452964783
329,learning_rate,0.00014775160599571734
329,mean_token_accuracy,0.5401570573449135
329,epoch,0.7035551991446137
330,loss,1.8483
330,grad_norm,0.5867708325386047
330,learning_rate,0.00014668094218415418
330,mean_token_accuracy,0.5688384026288986
330,epoch,0.7056936647955092
331,loss,1.8866
331,grad_norm,0.6179460883140564
331,learning_rate,0.000145610278372591
331,mean_token_accuracy,0.5568477883934975
331,epoch,0.7078321304464047
332,loss,1.962
332,grad_norm,0.5725356936454773
332,learning_rate,0.00014453961456102786
332,mean_token_accuracy,0.534017339348793
332,epoch,0.7099705960973002
333,loss,1.8848
333,grad_norm,0.6562111973762512
333,learning_rate,0.00014346895074946467
333,mean_token_accuracy,0.5544019713997841
333,epoch,0.7121090617481957
334,loss,1.9804
334,grad_norm,0.586337685585022
334,learning_rate,0.0001423982869379015
334,mean_token_accuracy,0.5381228476762772
334,epoch,0.7142475273990911
335,loss,1.9244
335,grad_norm,0.4621698558330536
335,learning_rate,0.00014132762312633835
335,mean_token_accuracy,0.5406718626618385
335,epoch,0.7163859930499866
336,loss,1.9293
336,grad_norm,0.4976934492588043
336,learning_rate,0.00014025695931477517
336,mean_token_accuracy,0.5451817139983177
336,epoch,0.7185244587008821
337,loss,1.8919
337,grad_norm,0.5665555000305176
337,learning_rate,0.00013918629550321198
337,mean_token_accuracy,0.5567863956093788
337,epoch,0.7206629243517776
338,loss,1.801
338,grad_norm,0.6500672698020935
338,learning_rate,0.00013811563169164882
338,mean_token_accuracy,0.5634959116578102
338,epoch,0.7228013900026731
339,loss,1.9102
339,grad_norm,0.5134830474853516
339,learning_rate,0.00013704496788008566
339,mean_token_accuracy,0.5554171726107597
339,epoch,0.7249398556535686
340,loss,1.9285
340,grad_norm,0.6207975149154663
340,learning_rate,0.00013597430406852247
340,mean_token_accuracy,0.550890326499939
340,epoch,0.727078321304464
341,loss,1.8872
341,grad_norm,0.5238405466079712
341,learning_rate,0.0001349036402569593
341,mean_token_accuracy,0.5404498800635338
341,epoch,0.7292167869553595
342,loss,1.8803
342,grad_norm,0.502885103225708
342,learning_rate,0.00013383297644539615
342,mean_token_accuracy,0.5660570040345192
342,epoch,0.731355252606255
343,loss,1.9674
343,grad_norm,0.4765157699584961
343,learning_rate,0.000132762312633833
343,mean_token_accuracy,0.5323876775801182
343,epoch,0.7334937182571505
344,loss,1.8324
344,grad_norm,0.6287440657615662
344,learning_rate,0.0001316916488222698
344,mean_token_accuracy,0.5616802498698235
344,epoch,0.735632183908046
345,loss,1.8561
345,grad_norm,0.5082112550735474
345,learning_rate,0.00013062098501070662
345,mean_token_accuracy,0.5607388615608215
345,epoch,0.7377706495589414
346,loss,1.7927
346,grad_norm,0.8555862903594971
346,learning_rate,0.00012955032119914349
346,mean_token_accuracy,0.57619359344244
346,epoch,0.7399091152098369
347,loss,1.8873
347,grad_norm,0.5355240702629089
347,learning_rate,0.0001284796573875803
347,mean_token_accuracy,0.5513284131884575
347,epoch,0.7420475808607324
348,loss,1.8653
348,grad_norm,0.6707923412322998
348,learning_rate,0.0001274089935760171
348,mean_token_accuracy,0.5655227676033974
348,epoch,0.7441860465116279
349,loss,1.8415
349,grad_norm,0.778221070766449
349,learning_rate,0.00012633832976445398
349,mean_token_accuracy,0.5702303349971771
349,epoch,0.7463245121625234
350,loss,1.8659
350,grad_norm,0.5317275524139404
350,learning_rate,0.0001252676659528908
350,mean_token_accuracy,0.5607820525765419
350,epoch,0.7484629778134189
351,loss,1.8581
351,grad_norm,0.5999650359153748
351,learning_rate,0.00012419700214132763
351,mean_token_accuracy,0.5601308569312096
351,epoch,0.7506014434643143
352,loss,1.8949
352,grad_norm,0.5022646188735962
352,learning_rate,0.00012312633832976445
352,mean_token_accuracy,0.5538771077990532
352,epoch,0.7527399091152098
353,loss,1.8537
353,grad_norm,0.5230920314788818
353,learning_rate,0.0001220556745182013
353,mean_token_accuracy,0.5620848536491394
353,epoch,0.7548783747661053
354,loss,1.8955
354,grad_norm,0.6018786430358887
354,learning_rate,0.00012098501070663811
354,mean_token_accuracy,0.5510303750634193
354,epoch,0.7570168404170008
355,loss,1.8792
355,grad_norm,0.5863181352615356
355,learning_rate,0.00011991434689507495
355,mean_token_accuracy,0.5605396702885628
355,epoch,0.7591553060678963
356,loss,1.8639
356,grad_norm,0.5142868161201477
356,learning_rate,0.00011884368308351178
356,mean_token_accuracy,0.557566449046135
356,epoch,0.7612937717187918
357,loss,2.002
357,grad_norm,0.47813665866851807
357,learning_rate,0.0001177730192719486
357,mean_token_accuracy,0.5241342298686504
357,epoch,0.7634322373696872
358,loss,1.9012
358,grad_norm,0.5696936249732971
358,learning_rate,0.00011670235546038545
358,mean_token_accuracy,0.5572445541620255
358,epoch,0.7655707030205827
359,loss,1.935
359,grad_norm,0.6613138914108276
359,learning_rate,0.00011563169164882227
359,mean_token_accuracy,0.5429479330778122
359,epoch,0.7677091686714782
360,loss,1.9228
360,grad_norm,0.49212515354156494
360,learning_rate,0.00011456102783725911
360,mean_token_accuracy,0.5492545738816261
360,epoch,0.7698476343223737
361,loss,1.8997
361,grad_norm,0.8061527013778687
361,learning_rate,0.00011349036402569593
361,mean_token_accuracy,0.5545279458165169
361,epoch,0.7719860999732692
362,loss,1.9136
362,grad_norm,0.5201936960220337
362,learning_rate,0.00011241970021413277
362,mean_token_accuracy,0.5512148514389992
362,epoch,0.7741245656241647
363,loss,1.9128
363,grad_norm,0.5358161926269531
363,learning_rate,0.00011134903640256959
363,mean_token_accuracy,0.549828551709652
363,epoch,0.7762630312750601
364,loss,1.8801
364,grad_norm,0.489212304353714
364,learning_rate,0.00011027837259100643
364,mean_token_accuracy,0.558299221098423
364,epoch,0.7784014969259556
365,loss,1.9024
365,grad_norm,0.69266676902771
365,learning_rate,0.00010920770877944326
365,mean_token_accuracy,0.5474965795874596
365,epoch,0.7805399625768511
366,loss,1.8885
366,grad_norm,0.5423116087913513
366,learning_rate,0.00010813704496788009
366,mean_token_accuracy,0.5466465502977371
366,epoch,0.7826784282277466
367,loss,1.8754
367,grad_norm,0.6466968655586243
367,learning_rate,0.00010706638115631693
367,mean_token_accuracy,0.5526169314980507
367,epoch,0.7848168938786421
368,loss,1.9122
368,grad_norm,0.5828035473823547
368,learning_rate,0.00010599571734475374
368,mean_token_accuracy,0.5453031584620476
368,epoch,0.7869553595295375
369,loss,1.8847
369,grad_norm,0.6305064558982849
369,learning_rate,0.00010492505353319058
369,mean_token_accuracy,0.5549423918128014
369,epoch,0.789093825180433
370,loss,1.8632
370,grad_norm,0.5004581809043884
370,learning_rate,0.00010385438972162742
370,mean_token_accuracy,0.5556041672825813
370,epoch,0.7912322908313285
371,loss,1.9507
371,grad_norm,0.5718324184417725
371,learning_rate,0.00010278372591006424
371,mean_token_accuracy,0.5385421738028526
371,epoch,0.793370756482224
372,loss,1.9798
372,grad_norm,0.5046064853668213
372,learning_rate,0.00010171306209850107
372,mean_token_accuracy,0.5307425409555435
372,epoch,0.7955092221331195
373,loss,1.8789
373,grad_norm,0.5132919549942017
373,learning_rate,0.0001006423982869379
373,mean_token_accuracy,0.5657837763428688
373,epoch,0.797647687784015
374,loss,1.9065
374,grad_norm,0.5007402300834656
374,learning_rate,9.957173447537474e-05
374,mean_token_accuracy,0.5463776141405106
374,epoch,0.7997861534349104
375,loss,1.897
375,grad_norm,0.5110432505607605
375,learning_rate,9.850107066381156e-05
375,mean_token_accuracy,0.5526631623506546
375,epoch,0.8019246190858059
376,loss,1.893
376,grad_norm,0.5057719349861145
376,learning_rate,9.743040685224839e-05
376,mean_token_accuracy,0.5515906363725662
376,epoch,0.8040630847367014
377,loss,1.874
377,grad_norm,0.46652764081954956
377,learning_rate,9.635974304068523e-05
377,mean_token_accuracy,0.5605609640479088
377,epoch,0.8062015503875969
378,loss,1.8941
378,grad_norm,0.4919034540653229
378,learning_rate,9.528907922912206e-05
378,mean_token_accuracy,0.5480583235621452
378,epoch,0.8083400160384924
379,loss,1.7983
379,grad_norm,0.7133565545082092
379,learning_rate,9.42184154175589e-05
379,mean_token_accuracy,0.5602205768227577
379,epoch,0.8104784816893879
380,loss,2.0295
380,grad_norm,0.5116666555404663
380,learning_rate,9.314775160599571e-05
380,mean_token_accuracy,0.5223904736340046
380,epoch,0.8126169473402833
381,loss,1.9221
381,grad_norm,0.47798559069633484
381,learning_rate,9.207708779443255e-05
381,mean_token_accuracy,0.5523925945162773
381,epoch,0.8147554129911788
382,loss,1.9001
382,grad_norm,0.5041576623916626
382,learning_rate,9.100642398286938e-05
382,mean_token_accuracy,0.5560421571135521
382,epoch,0.8168938786420743
383,loss,1.9204
383,grad_norm,0.6054159998893738
383,learning_rate,8.99357601713062e-05
383,mean_token_accuracy,0.5473492965102196
383,epoch,0.8190323442929698
384,loss,1.8697
384,grad_norm,0.47957292199134827
384,learning_rate,8.886509635974304e-05
384,mean_token_accuracy,0.5670513734221458
384,epoch,0.8211708099438653
385,loss,1.8703
385,grad_norm,0.615627110004425
385,learning_rate,8.779443254817987e-05
385,mean_token_accuracy,0.5564882680773735
385,epoch,0.8233092755947607
386,loss,1.8502
386,grad_norm,0.49777117371559143
386,learning_rate,8.672376873661671e-05
386,mean_token_accuracy,0.5505265519022942
386,epoch,0.8254477412456562
387,loss,1.9381
387,grad_norm,0.5194291472434998
387,learning_rate,8.565310492505352e-05
387,mean_token_accuracy,0.5420999675989151
387,epoch,0.8275862068965517
388,loss,1.9186
388,grad_norm,0.5292841196060181
388,learning_rate,8.458244111349036e-05
388,mean_token_accuracy,0.549449011683464
388,epoch,0.8297246725474472
389,loss,1.9108
389,grad_norm,0.5103658437728882
389,learning_rate,8.35117773019272e-05
389,mean_token_accuracy,0.5450845509767532
389,epoch,0.8318631381983427
390,loss,1.8248
390,grad_norm,0.5232927799224854
390,learning_rate,8.244111349036403e-05
390,mean_token_accuracy,0.5748745054006577
390,epoch,0.8340016038492382
391,loss,1.9065
391,grad_norm,0.5137227773666382
391,learning_rate,8.137044967880086e-05
391,mean_token_accuracy,0.5496615692973137
391,epoch,0.8361400695001336
392,loss,1.9836
392,grad_norm,0.5222035050392151
392,learning_rate,8.029978586723768e-05
392,mean_token_accuracy,0.5389245226979256
392,epoch,0.8382785351510291
393,loss,1.7937
393,grad_norm,0.5841726660728455
393,learning_rate,7.922912205567452e-05
393,mean_token_accuracy,0.5708589553833008
393,epoch,0.8404170008019246
394,loss,1.961
394,grad_norm,0.49556493759155273
394,learning_rate,7.815845824411135e-05
394,mean_token_accuracy,0.5405352339148521
394,epoch,0.8425554664528201
395,loss,1.9549
395,grad_norm,0.545484185218811
395,learning_rate,7.708779443254818e-05
395,mean_token_accuracy,0.5391674637794495
395,epoch,0.8446939321037156
396,loss,1.7191
396,grad_norm,0.6094967722892761
396,learning_rate,7.601713062098502e-05
396,mean_token_accuracy,0.5946247577667236
396,epoch,0.846832397754611
397,loss,1.8521
397,grad_norm,0.5756078958511353
397,learning_rate,7.494646680942184e-05
397,mean_token_accuracy,0.5509401634335518
397,epoch,0.8489708634055065
398,loss,1.9691
398,grad_norm,0.5596945285797119
398,learning_rate,7.387580299785867e-05
398,mean_token_accuracy,0.5380810871720314
398,epoch,0.851109329056402
399,loss,1.9795
399,grad_norm,0.4819713234901428
399,learning_rate,7.28051391862955e-05
399,mean_token_accuracy,0.5303481593728065
399,epoch,0.8532477947072975
400,loss,1.8539
400,grad_norm,0.5275693535804749
400,learning_rate,7.173447537473234e-05
400,mean_token_accuracy,0.5642535388469696
400,epoch,0.855386260358193
400,eval_loss,1.8834202289581299
400,eval_runtime,1178.8308
400,eval_samples_per_second,1.411
400,eval_steps_per_second,0.706
400,eval_mean_token_accuracy,0.556563475025961
400,epoch,0.855386260358193
401,loss,1.8551
401,grad_norm,0.6019548773765564
401,learning_rate,7.066381156316918e-05
401,mean_token_accuracy,0.5693529173731804
401,epoch,0.8575247260090885
402,loss,1.9298
402,grad_norm,0.5022005438804626
402,learning_rate,6.959314775160599e-05
402,mean_token_accuracy,0.5383438467979431
402,epoch,0.859663191659984
403,loss,1.8498
403,grad_norm,0.5766491889953613
403,learning_rate,6.852248394004283e-05
403,mean_token_accuracy,0.5587179958820343
403,epoch,0.8618016573108794
404,loss,1.9237
404,grad_norm,0.5345173478126526
404,learning_rate,6.745182012847966e-05
404,mean_token_accuracy,0.5477775931358337
404,epoch,0.8639401229617749
405,loss,1.9219
405,grad_norm,0.5457330942153931
405,learning_rate,6.63811563169165e-05
405,mean_token_accuracy,0.554482601583004
405,epoch,0.8660785886126704
406,loss,1.8622
406,grad_norm,0.5242379903793335
406,learning_rate,6.531049250535331e-05
406,mean_token_accuracy,0.5713963359594345
406,epoch,0.8682170542635659
407,loss,1.8046
407,grad_norm,0.5216869115829468
407,learning_rate,6.423982869379015e-05
407,mean_token_accuracy,0.5745307803153992
407,epoch,0.8703555199144614
408,loss,1.9411
408,grad_norm,0.5231103301048279
408,learning_rate,6.316916488222699e-05
408,mean_token_accuracy,0.5409215986728668
408,epoch,0.8724939855653568
409,loss,1.9149
409,grad_norm,0.517668604850769
409,learning_rate,6.209850107066382e-05
409,mean_token_accuracy,0.5421781837940216
409,epoch,0.8746324512162523
410,loss,1.9235
410,grad_norm,0.5397065281867981
410,learning_rate,6.102783725910065e-05
410,mean_token_accuracy,0.5433225557208061
410,epoch,0.8767709168671478
411,loss,1.8896
411,grad_norm,0.5773217082023621
411,learning_rate,5.9957173447537476e-05
411,mean_token_accuracy,0.5536110103130341
411,epoch,0.8789093825180433
412,loss,1.8954
412,grad_norm,0.5233736634254456
412,learning_rate,5.88865096359743e-05
412,mean_token_accuracy,0.5430803745985031
412,epoch,0.8810478481689388
413,loss,1.9899
413,grad_norm,0.5263972282409668
413,learning_rate,5.7815845824411136e-05
413,mean_token_accuracy,0.5311765149235725
413,epoch,0.8831863138198343
414,loss,1.8728
414,grad_norm,0.5142413377761841
414,learning_rate,5.674518201284796e-05
414,mean_token_accuracy,0.5571661591529846
414,epoch,0.8853247794707297
415,loss,1.8728
415,grad_norm,0.6237434148788452
415,learning_rate,5.5674518201284796e-05
415,mean_token_accuracy,0.5563968941569328
415,epoch,0.8874632451216252
416,loss,1.858
416,grad_norm,0.45360279083251953
416,learning_rate,5.460385438972163e-05
416,mean_token_accuracy,0.5545396134257317
416,epoch,0.8896017107725207
417,loss,1.8934
417,grad_norm,0.5086666345596313
417,learning_rate,5.353319057815846e-05
417,mean_token_accuracy,0.5631794184446335
417,epoch,0.8917401764234162
418,loss,1.8483
418,grad_norm,0.46476471424102783
418,learning_rate,5.246252676659529e-05
418,mean_token_accuracy,0.5676689594984055
418,epoch,0.8938786420743117
419,loss,1.9404
419,grad_norm,0.49139678478240967
419,learning_rate,5.139186295503212e-05
419,mean_token_accuracy,0.5423472747206688
419,epoch,0.8960171077252072
420,loss,1.9003
420,grad_norm,0.4488128423690796
420,learning_rate,5.032119914346895e-05
420,mean_token_accuracy,0.5560571700334549
420,epoch,0.8981555733761026
421,loss,1.9406
421,grad_norm,0.5228227972984314
421,learning_rate,4.925053533190578e-05
421,mean_token_accuracy,0.5439807660877705
421,epoch,0.9002940390269981
422,loss,1.959
422,grad_norm,0.4660816192626953
422,learning_rate,4.8179871520342616e-05
422,mean_token_accuracy,0.5386356636881828
422,epoch,0.9024325046778936
423,loss,1.8094
423,grad_norm,0.6363135576248169
423,learning_rate,4.710920770877945e-05
423,mean_token_accuracy,0.5697624981403351
423,epoch,0.9045709703287891
424,loss,1.953
424,grad_norm,0.5166704654693604
424,learning_rate,4.6038543897216276e-05
424,mean_token_accuracy,0.536245808005333
424,epoch,0.9067094359796846
425,loss,1.9547
425,grad_norm,0.4761844277381897
425,learning_rate,4.49678800856531e-05
425,mean_token_accuracy,0.53995081782341
425,epoch,0.90884790163058
426,loss,1.9372
426,grad_norm,0.4644012153148651
426,learning_rate,4.3897216274089935e-05
426,mean_token_accuracy,0.5398740023374557
426,epoch,0.9109863672814755
427,loss,1.8749
427,grad_norm,0.49859488010406494
427,learning_rate,4.282655246252676e-05
427,mean_token_accuracy,0.5554890185594559
427,epoch,0.913124832932371
428,loss,1.8734
428,grad_norm,0.5455114245414734
428,learning_rate,4.17558886509636e-05
428,mean_token_accuracy,0.5651242285966873
428,epoch,0.9152632985832665
429,loss,1.8909
429,grad_norm,0.6104198694229126
429,learning_rate,4.068522483940043e-05
429,mean_token_accuracy,0.558665506541729
429,epoch,0.917401764234162
430,loss,1.7445
430,grad_norm,0.5233219265937805
430,learning_rate,3.961456102783726e-05
430,mean_token_accuracy,0.5802273452281952
430,epoch,0.9195402298850575
431,loss,1.9463
431,grad_norm,0.5515631437301636
431,learning_rate,3.854389721627409e-05
431,mean_token_accuracy,0.54219139367342
431,epoch,0.9216786955359529
432,loss,1.9094
432,grad_norm,0.508284330368042
432,learning_rate,3.747323340471092e-05
432,mean_token_accuracy,0.5455537438392639
432,epoch,0.9238171611868484
433,loss,1.7739
433,grad_norm,0.5412402153015137
433,learning_rate,3.640256959314775e-05
433,mean_token_accuracy,0.5758166536688805
433,epoch,0.9259556268377439
434,loss,1.7956
434,grad_norm,0.5519775748252869
434,learning_rate,3.533190578158459e-05
434,mean_token_accuracy,0.5708263292908669
434,epoch,0.9280940924886394
435,loss,1.9775
435,grad_norm,0.5686647295951843
435,learning_rate,3.4261241970021415e-05
435,mean_token_accuracy,0.540907233953476
435,epoch,0.9302325581395349
436,loss,1.881
436,grad_norm,0.7698764801025391
436,learning_rate,3.319057815845825e-05
436,mean_token_accuracy,0.5536439195275307
436,epoch,0.9323710237904304
437,loss,1.8187
437,grad_norm,0.6043464541435242
437,learning_rate,3.2119914346895075e-05
437,mean_token_accuracy,0.5667648389935493
437,epoch,0.9345094894413258
438,loss,1.8382
438,grad_norm,0.515319287776947
438,learning_rate,3.104925053533191e-05
438,mean_token_accuracy,0.5587253421545029
438,epoch,0.9366479550922213
439,loss,1.9154
439,grad_norm,0.4847327172756195
439,learning_rate,2.9978586723768738e-05
439,mean_token_accuracy,0.5450716018676758
439,epoch,0.9387864207431168
440,loss,1.9323
440,grad_norm,0.4649476706981659
440,learning_rate,2.8907922912205568e-05
440,mean_token_accuracy,0.5491904020309448
440,epoch,0.9409248863940123
441,loss,1.9354
441,grad_norm,0.5498303174972534
441,learning_rate,2.7837259100642398e-05
441,mean_token_accuracy,0.5478866994380951
441,epoch,0.9430633520449078
442,loss,1.7861
442,grad_norm,0.5488293766975403
442,learning_rate,2.676659528907923e-05
442,mean_token_accuracy,0.5665985569357872
442,epoch,0.9452018176958032
443,loss,1.9607
443,grad_norm,0.4882729649543762
443,learning_rate,2.569593147751606e-05
443,mean_token_accuracy,0.547919400036335
443,epoch,0.9473402833466987
444,loss,1.8568
444,grad_norm,0.47503921389579773
444,learning_rate,2.462526766595289e-05
444,mean_token_accuracy,0.5537953525781631
444,epoch,0.9494787489975942
445,loss,1.8967
445,grad_norm,0.4561295211315155
445,learning_rate,2.3554603854389724e-05
445,mean_token_accuracy,0.5533375069499016
445,epoch,0.9516172146484897
446,loss,1.9689
446,grad_norm,0.45091140270233154
446,learning_rate,2.248394004282655e-05
446,mean_token_accuracy,0.535031832754612
446,epoch,0.9537556802993852
447,loss,1.9469
447,grad_norm,0.4834977686405182
447,learning_rate,2.141327623126338e-05
447,mean_token_accuracy,0.537217952311039
447,epoch,0.9558941459502807
448,loss,1.9459
448,grad_norm,0.48809319734573364
448,learning_rate,2.0342612419700214e-05
448,mean_token_accuracy,0.5368246585130692
448,epoch,0.9580326116011761
449,loss,1.7848
449,grad_norm,0.6652267575263977
449,learning_rate,1.9271948608137044e-05
449,mean_token_accuracy,0.5769562125205994
449,epoch,0.9601710772520716
450,loss,1.8839
450,grad_norm,0.5303860306739807
450,learning_rate,1.8201284796573874e-05
450,mean_token_accuracy,0.5562477111816406
450,epoch,0.9623095429029671
451,loss,1.8864
451,grad_norm,0.5615419149398804
451,learning_rate,1.7130620985010707e-05
451,mean_token_accuracy,0.5603573769330978
451,epoch,0.9644480085538626
452,loss,1.8544
452,grad_norm,0.521674633026123
452,learning_rate,1.6059957173447537e-05
452,mean_token_accuracy,0.5591121688485146
452,epoch,0.9665864742047581
453,loss,1.8245
453,grad_norm,0.6844531893730164
453,learning_rate,1.4989293361884369e-05
453,mean_token_accuracy,0.5691971555352211
453,epoch,0.9687249398556536
454,loss,1.8468
454,grad_norm,0.5068480968475342
454,learning_rate,1.3918629550321199e-05
454,mean_token_accuracy,0.5681030377745628
454,epoch,0.970863405506549
455,loss,1.9414
455,grad_norm,0.5780751705169678
455,learning_rate,1.284796573875803e-05
455,mean_token_accuracy,0.5480491816997528
455,epoch,0.9730018711574445
456,loss,1.7999
456,grad_norm,0.5591640472412109
456,learning_rate,1.1777301927194862e-05
456,mean_token_accuracy,0.5719518586993217
456,epoch,0.97514033680834
457,loss,1.8955
457,grad_norm,0.5260953903198242
457,learning_rate,1.070663811563169e-05
457,mean_token_accuracy,0.5526595711708069
457,epoch,0.9772788024592355
458,loss,1.9062
458,grad_norm,0.5389512777328491
458,learning_rate,9.635974304068522e-06
458,mean_token_accuracy,0.5610373616218567
458,epoch,0.979417268110131
459,loss,1.8621
459,grad_norm,0.5122535824775696
459,learning_rate,8.565310492505354e-06
459,mean_token_accuracy,0.5635021179914474
459,epoch,0.9815557337610264
460,loss,1.9703
460,grad_norm,0.4812186658382416
460,learning_rate,7.4946466809421845e-06
460,mean_token_accuracy,0.535684734582901
460,epoch,0.9836941994119219
461,loss,1.8776
461,grad_norm,0.47656676173210144
461,learning_rate,6.423982869379015e-06
461,mean_token_accuracy,0.5547597259283066
461,epoch,0.9858326650628174
462,loss,1.838
462,grad_norm,0.5014994740486145
462,learning_rate,5.353319057815845e-06
462,mean_token_accuracy,0.5639491602778435
462,epoch,0.9879711307137129
463,loss,1.9392
463,grad_norm,0.4880651533603668
463,learning_rate,4.282655246252677e-06
463,mean_token_accuracy,0.5415464863181114
463,epoch,0.9901095963646084
464,loss,1.8544
464,grad_norm,0.5364763736724854
464,learning_rate,3.2119914346895077e-06
464,mean_token_accuracy,0.5649782791733742
464,epoch,0.9922480620155039
465,loss,1.8795
465,grad_norm,0.5133551359176636
465,learning_rate,2.1413276231263384e-06
465,mean_token_accuracy,0.5533641949295998
465,epoch,0.9943865276663993
466,loss,1.9198
466,grad_norm,0.5224428176879883
466,learning_rate,1.0706638115631692e-06
466,mean_token_accuracy,0.544498547911644
466,epoch,0.9965249933172948
467,loss,1.8553
467,grad_norm,0.5033870339393616
467,learning_rate,0.0
467,mean_token_accuracy,0.5530587136745453
467,epoch,0.9986634589681903
467,train_runtime,25011.6916
467,train_samples_per_second,0.598
467,train_steps_per_second,0.019
467,total_flos,1807335624802304.0
467,train_loss,1.9483577130438174
467,epoch,0.9986634589681903
467,eval_loss,1.875980257987976
467,eval_runtime,1176.9166
467,eval_samples_per_second,1.413
467,eval_steps_per_second,0.707
467,eval_mean_token_accuracy,0.5575964519252571
467,epoch,0.9986634589681903
